[
  {
    "nama": "Serayu 255",
    "jenis": "EKO:809305448",
    "harga": "IDR 63.000",
    "waktu_awal": "02:09",
    "waktu_akhir": "04:07",
    "durasi": "1j 58m",
    "asal": "purwakarta",
    "tujuan": "jakarta"
  },
  {
    "nama": "Serayu 251",
    "jenis": "EKO:809264253",
    "harga": "IDR 63.000",
    "waktu_awal": "14:37",
    "waktu_akhir": "16:36",
    "durasi": "1j 59m",
    "asal": "purwakarta",
    "tujuan": "jakarta"
  },
  {
    "nama": "Cikuray 267",
    "jenis": "EKO:819237279",
    "harga": "IDR 45.000",
    "waktu_awal": "10:45",
    "waktu_akhir": "12:35",
    "durasi": "1j 50m",
    "asal": "purwakarta",
    "tujuan": "jakarta"
  },
  {
    "nama": "Ciremai 143",
    "jenis": "EKO:941305390",
    "harga": "IDR 120.000",
    "waktu_awal": "13:19",
    "waktu_akhir": "14:32",
    "durasi": "1j 13m",
    "asal": "purwakarta",
    "tujuan": "bandung"
  },
  {
    "nama": "Ciremai 143",
    "jenis": "EKO:941305481",
    "harga": "IDR 115.000",
    "waktu_awal": "13:19",
    "waktu_akhir": "14:32",
    "durasi": "1j 13m",
    "asal": "purwakarta",
    "tujuan": "bandung"
  },
  {
    "nama": "Ciremai 143",
    "jenis": "EKO:941305482",
    "harga": "IDR 115.000",
    "waktu_awal": "13:19",
    "waktu_akhir": "14:45",
    "durasi": "1j 26m",
    "asal": "purwakarta",
    "tujuan": "bandung"
  },
  {
    "nama": "Serayu 256",
    "jenis": "EKO:814602205",
    "harga": "IDR 63.000",
    "waktu_awal": "22:01",
    "waktu_akhir": "23:50",
    "durasi": "1j 49m",
    "asal": "purwakarta",
    "tujuan": "bandung"
  },
  {
    "nama": "Serayu 252",
    "jenis": "EKO:808989538",
    "harga": "IDR 63.000",
    "waktu_awal": "11:18",
    "waktu_akhir": "13:18",
    "durasi": "2j 0m",
    "asal": "purwakarta",
    "tujuan": "bandung"
  },
  {
    "nama": "Serayu 256",
    "jenis": "EKO:814602178",
    "harga": "IDR 63.000",
    "waktu_awal": "22:01",
    "waktu_akhir": "23:22",
    "durasi": "1j 21m",
    "asal": "purwakarta",
    "tujuan": "bandung"
  },
  {
    "nama": "Serayu 252",
    "jenis": "EKO:808989493",
    "harga": "IDR 63.000",
    "waktu_awal": "11:18",
    "waktu_akhir": "12:43",
    "durasi": "1j 25m",
    "asal": "purwakarta",
    "tujuan": "bandung"
  },
  {
    "nama": "Cikuray 268",
    "jenis": "EKO:819571219",
    "harga": "IDR 45.000",
    "waktu_awal": "19:26",
    "waktu_akhir": "21:07",
    "durasi": "1j 41m",
    "asal": "purwakarta",
    "tujuan": "bandung"
  },
  {
    "nama": "Cikuray 268",
    "jenis": "EKO:819571189",
    "harga": "IDR 45.000",
    "waktu_awal": "19:26",
    "waktu_akhir": "20:39",
    "durasi": "1j 13m",
    "asal": "purwakarta",
    "tujuan": "bandung"
  },
  {
    "nama": "Cikuray 268",
    "jenis": "EKO:819571212",
    "harga": "IDR 45.000",
    "waktu_awal": "19:26",
    "waktu_akhir": "20:52",
    "durasi": "1j 26m",
    "asal": "purwakarta",
    "tujuan": "bandung"
  },
  {
    "nama": "Serayu 256",
    "jenis": "EKO:814602317",
    "harga": "IDR 63.000",
    "waktu_awal": "22:01",
    "waktu_akhir": "03:12",
    "durasi": "5j 11m",
    "asal": "purwakarta",
    "tujuan": "tasikmalaya"
  },
  {
    "nama": "Serayu 252",
    "jenis": "EKO:808989621",
    "harga": "IDR 63.000",
    "waktu_awal": "11:18",
    "waktu_akhir": "16:20",
    "durasi": "5j 2m",
    "asal": "purwakarta",
    "tujuan": "tasikmalaya"
  },
  {
    "nama": "Serayu 256",
    "jenis": "EKO:814602266",
    "harga": "IDR 63.000",
    "waktu_awal": "22:01",
    "waktu_akhir": "00:45",
    "durasi": "2j 44m",
    "asal": "purwakarta",
    "tujuan": "garut"
  },
  {
    "nama": "Serayu 252",
    "jenis": "EKO:808989568",
    "harga": "IDR 63.000",
    "waktu_awal": "11:18",
    "waktu_akhir": "14:14",
    "durasi": "2j 56m",
    "asal": "purwakarta",
    "tujuan": "garut"
  },
  {
    "nama": "Serayu 256",
    "jenis": "EKO:814602297",
    "harga": "IDR 63.000",
    "waktu_awal": "22:01",
    "waktu_akhir": "01:49",
    "durasi": "3j 48m",
    "asal": "purwakarta",
    "tujuan": "garut"
  },
  {
    "nama": "Serayu 252",
    "jenis": "EKO:808989599",
    "harga": "IDR 63.000",
    "waktu_awal": "11:18",
    "waktu_akhir": "15:10",
    "durasi": "3j 52m",
    "asal": "purwakarta",
    "tujuan": "garut"
  },
  {
    "nama": "Serayu 256",
    "jenis": "EKO:814602277",
    "harga": "IDR 63.000",
    "waktu_awal": "22:01",
    "waktu_akhir": "01:02",
    "durasi": "3j 1m",
    "asal": "purwakarta",
    "tujuan": "garut"
  },
  {
    "nama": "Serayu 252",
    "jenis": "EKO:808989585",
    "harga": "IDR 63.000",
    "waktu_awal": "11:18",
    "waktu_akhir": "14:35",
    "durasi": "3j 17m",
    "asal": "purwakarta",
    "tujuan": "garut"
  },
  {
    "nama": "Cikuray 268",
    "jenis": "EKO:819571240",
    "harga": "IDR 45.000",
    "waktu_awal": "19:26",
    "waktu_akhir": "22:02",
    "durasi": "2j 36m",
    "asal": "purwakarta",
    "tujuan": "garut"
  },
  {
    "nama": "Cikuray 268",
    "jenis": "EKO:819571275",
    "harga": "IDR 45.000",
    "waktu_awal": "19:26",
    "waktu_akhir": "22:50",
    "durasi": "3j 24m",
    "asal": "purwakarta",
    "tujuan": "garut"
  },
  {
    "nama": "Cikuray 268",
    "jenis": "EKO:819571258",
    "harga": "IDR 45.000",
    "waktu_awal": "19:26",
    "waktu_akhir": "22:19",
    "durasi": "2j 53m",
    "asal": "purwakarta",
    "tujuan": "garut"
  },
  {
    "nama": "Matarmaja 234",
    "jenis": "EKO:729194339",
    "harga": "IDR 250.000",
    "waktu_awal": "10:45",
    "waktu_akhir": "20:00",
    "durasi": "9j 15m",
    "asal": "jakarta",
    "tujuan": "solo"
  },
  {
    "nama": "Matarmaja 234",
    "jenis": "EKO:729196906",
    "harga": "IDR 240.000",
    "waktu_awal": "10:45",
    "waktu_akhir": "20:00",
    "durasi": "9j 15m",
    "asal": "jakarta",
    "tujuan": "solo"
  },
  {
    "nama": "Brantas 112",
    "jenis": "EKO:931481569",
    "harga": "IDR 240.000",
    "waktu_awal": "13:30",
    "waktu_akhir": "22:11",
    "durasi": "8j 41m",
    "asal": "jakarta",
    "tujuan": "solo"
  },
  {
    "nama": "Jaka Tingkir 222",
    "jenis": "EKO:736973432",
    "harga": "IDR 240.000",
    "waktu_awal": "12:00",
    "waktu_akhir": "20:38",
    "durasi": "8j 38m",
    "asal": "jakarta",
    "tujuan": "solo"
  },
  {
    "nama": "Brantas 112",
    "jenis": "EKO:931481819",
    "harga": "IDR 230.000",
    "waktu_awal": "13:30",
    "waktu_akhir": "22:11",
    "durasi": "8j 41m",
    "asal": "jakarta",
    "tujuan": "solo"
  },
  {
    "nama": "Jaka Tingkir 222",
    "jenis": "EKO:736974512",
    "harga": "IDR 230.000",
    "waktu_awal": "12:00",
    "waktu_akhir": "20:38",
    "durasi": "8j 38m",
    "asal": "jakarta",
    "tujuan": "solo"
  },
  {
    "nama": "Matarmaja 234",
    "jenis": "EKO:729198960",
    "harga": "IDR 220.000",
    "waktu_awal": "10:45",
    "waktu_akhir": "20:00",
    "durasi": "9j 15m",
    "asal": "jakarta",
    "tujuan": "solo"
  },
  {
    "nama": "Jaka Tingkir 222",
    "jenis": "EKO:736974737",
    "harga": "IDR 220.000",
    "waktu_awal": "12:00",
    "waktu_akhir": "20:38",
    "durasi": "8j 38m",
    "asal": "jakarta",
    "tujuan": "solo"
  },
  {
    "nama": "Jaka Tingkir 222",
    "jenis": "EKO:736975006",
    "harga": "IDR 210.000",
    "waktu_awal": "12:00",
    "waktu_akhir": "20:38",
    "durasi": "8j 38m",
    "asal": "jakarta",
    "tujuan": "solo"
  },
  {
    "nama": "Bengawan 246",
    "jenis": "EKO:806489997",
    "harga": "IDR 74.000",
    "waktu_awal": "06:00",
    "waktu_akhir": "15:22",
    "durasi": "9j 22m",
    "asal": "jakarta",
    "tujuan": "solo"
  },
  {
    "nama": "Matarmaja 234",
    "jenis": "EKO:729218612",
    "harga": "IDR 250.000",
    "waktu_awal": "10:45",
    "waktu_akhir": "20:00",
    "durasi": "9j 15m",
    "asal": "jakarta",
    "tujuan": "solo"
  },
  {
    "nama": "Matarmaja 234",
    "jenis": "EKO:729220922",
    "harga": "IDR 240.000",
    "waktu_awal": "10:45",
    "waktu_akhir": "20:00",
    "durasi": "9j 15m",
    "asal": "jakarta",
    "tujuan": "solo"
  },
  {
    "nama": "Brantas 112",
    "jenis": "EKO:931489669",
    "harga": "IDR 240.000",
    "waktu_awal": "13:30",
    "waktu_akhir": "22:11",
    "durasi": "8j 41m",
    "asal": "jakarta",
    "tujuan": "solo"
  },
  {
    "nama": "Jaka Tingkir 222",
    "jenis": "EKO:736976151",
    "harga": "IDR 240.000",
    "waktu_awal": "12:00",
    "waktu_akhir": "20:38",
    "durasi": "8j 38m",
    "asal": "jakarta",
    "tujuan": "solo"
  },
  {
    "nama": "Brantas 112",
    "jenis": "EKO:931489919",
    "harga": "IDR 230.000",
    "waktu_awal": "13:30",
    "waktu_akhir": "22:11",
    "durasi": "8j 41m",
    "asal": "jakarta",
    "tujuan": "solo"
  },
  {
    "nama": "Jaka Tingkir 222",
    "jenis": "EKO:736977264",
    "harga": "IDR 230.000",
    "waktu_awal": "12:00",
    "waktu_akhir": "20:38",
    "durasi": "8j 38m",
    "asal": "jakarta",
    "tujuan": "solo"
  },
  {
    "nama": "Matarmaja 234",
    "jenis": "EKO:729223015",
    "harga": "IDR 220.000",
    "waktu_awal": "10:45",
    "waktu_akhir": "20:00",
    "durasi": "9j 15m",
    "asal": "jakarta",
    "tujuan": "solo"
  },
  {
    "nama": "Jaka Tingkir 222",
    "jenis": "EKO:736977424",
    "harga": "IDR 220.000",
    "waktu_awal": "12:00",
    "waktu_akhir": "20:38",
    "durasi": "8j 38m",
    "asal": "jakarta",
    "tujuan": "solo"
  },
  {
    "nama": "Jaka Tingkir 222",
    "jenis": "EKO:736977666",
    "harga": "IDR 210.000",
    "waktu_awal": "12:00",
    "waktu_akhir": "20:38",
    "durasi": "8j 38m",
    "asal": "jakarta",
    "tujuan": "solo"
  },
  {
    "nama": "Bengawan 246",
    "jenis": "EKO:806499707",
    "harga": "IDR 74.000",
    "waktu_awal": "06:00",
    "waktu_akhir": "15:22",
    "durasi": "9j 22m",
    "asal": "jakarta",
    "tujuan": "solo"
  },
  {
    "nama": "Progo 248",
    "jenis": "EKO:720545470",
    "harga": "IDR 200.000",
    "waktu_awal": "23:00",
    "waktu_akhir": "06:32",
    "durasi": "7j 32m",
    "asal": "jakarta",
    "tujuan": "yogyakarta"
  },
  {
    "nama": "Gajahwong 138",
    "jenis": "EKO:802603673",
    "harga": "IDR 200.000",
    "waktu_awal": "07:35",
    "waktu_akhir": "14:59",
    "durasi": "7j 24m",
    "asal": "jakarta",
    "tujuan": "yogyakarta"
  },
  {
    "nama": "Progo 248",
    "jenis": "EKO:720545472",
    "harga": "IDR 200.000",
    "waktu_awal": "23:00",
    "waktu_akhir": "07:05",
    "durasi": "8j 5m",
    "asal": "jakarta",
    "tujuan": "yogyakarta"
  },
  {
    "nama": "Gajahwong 138",
    "jenis": "EKO:802603705",
    "harga": "IDR 200.000",
    "waktu_awal": "07:35",
    "waktu_akhir": "15:33",
    "durasi": "7j 58m",
    "asal": "jakarta",
    "tujuan": "yogyakarta"
  },
  {
    "nama": "Progo 248",
    "jenis": "EKO:720545554",
    "harga": "IDR 190.000",
    "waktu_awal": "23:00",
    "waktu_akhir": "06:32",
    "durasi": "7j 32m",
    "asal": "jakarta",
    "tujuan": "yogyakarta"
  },
  {
    "nama": "Progo 248",
    "jenis": "EKO:720545555",
    "harga": "IDR 190.000",
    "waktu_awal": "23:00",
    "waktu_akhir": "07:05",
    "durasi": "8j 5m",
    "asal": "jakarta",
    "tujuan": "yogyakarta"
  },
  {
    "nama": "Progo 248",
    "jenis": "EKO:720545617",
    "harga": "IDR 180.000",
    "waktu_awal": "23:00",
    "waktu_akhir": "06:32",
    "durasi": "7j 32m",
    "asal": "jakarta",
    "tujuan": "yogyakarta"
  },
  {
    "nama": "Progo 248",
    "jenis": "EKO:720545618",
    "harga": "IDR 180.000",
    "waktu_awal": "23:00",
    "waktu_akhir": "07:05",
    "durasi": "8j 5m",
    "asal": "jakarta",
    "tujuan": "yogyakarta"
  },
  {
    "nama": "Bengawan 246",
    "jenis": "EKO:806499637",
    "harga": "IDR 74.000",
    "waktu_awal": "06:00",
    "waktu_akhir": "13:52",
    "durasi": "7j 52m",
    "asal": "jakarta",
    "tujuan": "yogyakarta"
  },
  {
    "nama": "Bengawan 246",
    "jenis": "EKO:806499680",
    "harga": "IDR 74.000",
    "waktu_awal": "06:00",
    "waktu_akhir": "14:25",
    "durasi": "8j 25m",
    "asal": "jakarta",
    "tujuan": "yogyakarta"
  }
]